index,key,file,ext
444,000001171,000001171.mp4,mp4
445,000001172,000001172.mp4,mp4
446,000001173,000001173.mp4,mp4
447,000001174,000001174.mp4,mp4
448,000001175,000001175.mp4,mp4
449,000001176,000001176.mp4,mp4
450,000001177,000001177.mp4,mp4
451,000001178,000001178.mp4,mp4
452,000001179,000001179.mp4,mp4
453,000001180,000001180.mp4,mp4
454,000001181,000001181.mp4,mp4
455,000001182,000001182.mp4,mp4
456,000001183,000001183.mp4,mp4
457,000001184,000001184.mp4,mp4
458,000001185,000001185.mp4,mp4
459,000001186,000001186.mp4,mp4
460,000001187,000001187.mp4,mp4
461,000001188,000001188.mp4,mp4
462,000001189,000001189.mp4,mp4
463,000001190,000001190.mp4,mp4
464,000001191,000001191.mp4,mp4
465,000001192,000001192.mp4,mp4
466,000001193,000001193.mp4,mp4
467,000001194,000001194.mp4,mp4
468,000001195,000001195.mp4,mp4
469,000001196,000001196.mp4,mp4
470,000001197,000001197.mp4,mp4
471,000001198,000001198.mp4,mp4
472,000001199,000001199.mp4,mp4
473,000001200,000001200.mp4,mp4
474,000001201,000001201.mp4,mp4
475,000001202,000001202.mp4,mp4
476,000001203,000001203.mp4,mp4
477,000001204,000001204.mp4,mp4
478,000001205,000001205.mp4,mp4
479,000001206,000001206.mp4,mp4
480,000001207,000001207.mp4,mp4
481,000001208,000001208.mp4,mp4
482,000001209,000001209.mp4,mp4
483,000001210,000001210.mp4,mp4
484,000001211,000001211.mp4,mp4
485,000001212,000001212.mp4,mp4
486,000001213,000001213.mp4,mp4
487,000001214,000001214.mp4,mp4
488,000001215,000001215.mp4,mp4
489,000001216,000001216.mp4,mp4
490,000001217,000001217.mp4,mp4
491,000001218,000001218.mp4,mp4
492,000001219,000001219.mp4,mp4
493,000001220,000001220.mp4,mp4
494,000001221,000001221.mp4,mp4
495,000001222,000001222.mp4,mp4
496,000001223,000001223.mp4,mp4
497,000001224,000001224.mp4,mp4
498,000001225,000001225.mp4,mp4
499,000001226,000001226.mp4,mp4
500,000001227,000001227.mp4,mp4
501,000001228,000001228.mp4,mp4
502,000001229,000001229.mp4,mp4
503,000001230,000001230.mp4,mp4
504,000001231,000001231.mp4,mp4
505,000001232,000001232.mp4,mp4
506,000001233,000001233.mp4,mp4
507,000001234,000001234.mp4,mp4
508,000001235,000001235.mp4,mp4
509,000001236,000001236.mp4,mp4
510,000001237,000001237.mp4,mp4
511,000001238,000001238.mp4,mp4
512,000001239,000001239.mp4,mp4
513,000001240,000001240.mp4,mp4
514,000001241,000001241.mp4,mp4
515,000001242,000001242.mp4,mp4
516,000001243,000001243.mp4,mp4
517,000001244,000001244.mp4,mp4
518,000001245,000001245.mp4,mp4
519,000001246,000001246.mp4,mp4
520,000001247,000001247.mp4,mp4
521,000001248,000001248.mp4,mp4
522,000001249,000001249.mp4,mp4
523,000001250,000001250.mp4,mp4
524,000001251,000001251.mp4,mp4
525,000001252,000001252.mp4,mp4
526,000001253,000001253.mp4,mp4
527,000001254,000001254.mp4,mp4
528,000001255,000001255.mp4,mp4
529,000001256,000001256.mp4,mp4
530,000001257,000001257.mp4,mp4
531,000001258,000001258.mp4,mp4
532,000001259,000001259.mp4,mp4
533,000001260,000001260.mp4,mp4
534,000001261,000001261.mp4,mp4
535,000001262,000001262.mp4,mp4
536,000001263,000001263.mp4,mp4
537,000001264,000001264.mp4,mp4
538,000001265,000001265.mp4,mp4
539,000001266,000001266.mp4,mp4
540,000001267,000001267.mp4,mp4
541,000001268,000001268.mp4,mp4
542,000001269,000001269.mp4,mp4
543,000001270,000001270.mp4,mp4
544,000001271,000001271.mp4,mp4
545,000001272,000001272.mp4,mp4
546,000001273,000001273.mp4,mp4
547,000001274,000001274.mp4,mp4
548,000001275,000001275.mp4,mp4
549,000001276,000001276.mp4,mp4
550,000001277,000001277.mp4,mp4
551,000001278,000001278.mp4,mp4
552,000001279,000001279.mp4,mp4
553,000001280,000001280.mp4,mp4
554,000001281,000001281.mp4,mp4
555,000001282,000001282.mp4,mp4
556,000001283,000001283.mp4,mp4
557,000001284,000001284.mp4,mp4
558,000001285,000001285.mp4,mp4
559,000001286,000001286.mp4,mp4
560,000001287,000001287.mp4,mp4
561,000001288,000001288.mp4,mp4
562,000001289,000001289.mp4,mp4
563,000001290,000001290.mp4,mp4
564,000001291,000001291.mp4,mp4
565,000001292,000001292.mp4,mp4
566,000001293,000001293.mp4,mp4
567,000001294,000001294.mp4,mp4
568,000001295,000001295.mp4,mp4
569,000001296,000001296.mp4,mp4
570,000001297,000001297.mp4,mp4
571,000001298,000001298.mp4,mp4
572,000001299,000001299.mp4,mp4
573,000001300,000001300.mp4,mp4
574,000001301,000001301.mp4,mp4
575,000001302,000001302.mp4,mp4
