index,key,scenario,algorithm,experiment,file,ext
840,passing_DWA_experiment_1,passing,DWA,1,passing/DWA/experiment_1.mp4,mp4
841,passing_DWA_experiment_2,passing,DWA,2,passing/DWA/experiment_2.mp4,mp4
842,passing_DWA_experiment_3,passing,DWA,3,passing/DWA/experiment_3.mp4,mp4
843,passing_DWA_experiment_4,passing,DWA,4,passing/DWA/experiment_4.mp4,mp4
844,passing_DWA_experiment_5,passing,DWA,5,passing/DWA/experiment_5.mp4,mp4
845,passing_DWAsocialcostmap_experiment_1,passing,DWAsocialcostmap,1,passing/DWAsocialcostmap/experiment_1.mp4,mp4
846,passing_DWAsocialcostmap_experiment_2,passing,DWAsocialcostmap,2,passing/DWAsocialcostmap/experiment_2.mp4,mp4
847,passing_DWAsocialcostmap_experiment_3,passing,DWAsocialcostmap,3,passing/DWAsocialcostmap/experiment_3.mp4,mp4
848,passing_DWAsocialcostmap_experiment_4,passing,DWAsocialcostmap,4,passing/DWAsocialcostmap/experiment_4.mp4,mp4
849,passing_DWAsocialcostmap_experiment_5,passing,DWAsocialcostmap,5,passing/DWAsocialcostmap/experiment_5.mp4,mp4
850,passing_SFM_experiment_1,passing,SFM,1,passing/SFM/experiment_1.mp4,mp4
851,passing_SFM_experiment_2,passing,SFM,2,passing/SFM/experiment_2.mp4,mp4
852,passing_SFM_experiment_3,passing,SFM,3,passing/SFM/experiment_3.mp4,mp4
853,passing_SFM_experiment_4,passing,SFM,4,passing/SFM/experiment_4.mp4,mp4
854,passing_SFM_experiment_5,passing,SFM,5,passing/SFM/experiment_5.mp4,mp4
855,passing_MPPI_experiment_1,passing,MPPI,1,passing/MPPI/experiment_1.mp4,mp4
856,passing_MPPI_experiment_2,passing,MPPI,2,passing/MPPI/experiment_2.mp4,mp4
857,passing_MPPI_experiment_3,passing,MPPI,3,passing/MPPI/experiment_3.mp4,mp4
858,passing_MPPI_experiment_4,passing,MPPI,4,passing/MPPI/experiment_4.mp4,mp4
859,passing_MPPI_experiment_5,passing,MPPI,5,passing/MPPI/experiment_5.mp4,mp4
860,passing_MPPIsocialcostmap_experiment_1,passing,MPPIsocialcostmap,1,passing/MPPIsocialcostmap/experiment_1.mp4,mp4
861,passing_MPPIsocialcostmap_experiment_2,passing,MPPIsocialcostmap,2,passing/MPPIsocialcostmap/experiment_2.mp4,mp4
862,passing_MPPIsocialcostmap_experiment_3,passing,MPPIsocialcostmap,3,passing/MPPIsocialcostmap/experiment_3.mp4,mp4
863,passing_MPPIsocialcostmap_experiment_4,passing,MPPIsocialcostmap,4,passing/MPPIsocialcostmap/experiment_4.mp4,mp4
864,passing_MPPIsocialcostmap_experiment_5,passing,MPPIsocialcostmap,5,passing/MPPIsocialcostmap/experiment_5.mp4,mp4
865,passing_socialMPPI_experiment_1,passing,socialMPPI,1,passing/socialMPPI/experiment_1.mp4,mp4
866,passing_socialMPPI_experiment_2,passing,socialMPPI,2,passing/socialMPPI/experiment_2.mp4,mp4
867,passing_socialMPPI_experiment_3,passing,socialMPPI,3,passing/socialMPPI/experiment_3.mp4,mp4
868,passing_socialMPPI_experiment_4,passing,socialMPPI,4,passing/socialMPPI/experiment_4.mp4,mp4
869,passing_socialMPPI_experiment_5,passing,socialMPPI,5,passing/socialMPPI/experiment_5.mp4,mp4
870,passing_ORCA_experiment_1,passing,ORCA,1,passing/ORCA/experiment_1.mp4,mp4
871,passing_ORCA_experiment_2,passing,ORCA,2,passing/ORCA/experiment_2.mp4,mp4
872,passing_ORCA_experiment_3,passing,ORCA,3,passing/ORCA/experiment_3.mp4,mp4
873,passing_ORCA_experiment_4,passing,ORCA,4,passing/ORCA/experiment_4.mp4,mp4
874,passing_ORCA_experiment_5,passing,ORCA,5,passing/ORCA/experiment_5.mp4,mp4
875,passing_PURE_SFM_experiment_1,passing,PURE_SFM,1,passing/PURE_SFM/experiment_1.mp4,mp4
876,passing_PURE_SFM_experiment_2,passing,PURE_SFM,2,passing/PURE_SFM/experiment_2.mp4,mp4
877,passing_PURE_SFM_experiment_3,passing,PURE_SFM,3,passing/PURE_SFM/experiment_3.mp4,mp4
878,passing_PURE_SFM_experiment_4,passing,PURE_SFM,4,passing/PURE_SFM/experiment_4.mp4,mp4
879,passing_PURE_SFM_experiment_5,passing,PURE_SFM,5,passing/PURE_SFM/experiment_5.mp4,mp4
880,overtaking_DWA_experiment_2,overtaking,DWA,2,overtaking/DWA/experiment_2.mp4,mp4
881,overtaking_DWA_experiment_3,overtaking,DWA,3,overtaking/DWA/experiment_3.mp4,mp4
882,overtaking_DWA_experiment_5,overtaking,DWA,5,overtaking/DWA/experiment_5.mp4,mp4
883,overtaking_DWAsocialcostmap_experiment_1,overtaking,DWAsocialcostmap,1,overtaking/DWAsocialcostmap/experiment_1.mp4,mp4
884,overtaking_DWAsocialcostmap_experiment_2,overtaking,DWAsocialcostmap,2,overtaking/DWAsocialcostmap/experiment_2.mp4,mp4
885,overtaking_DWAsocialcostmap_experiment_3,overtaking,DWAsocialcostmap,3,overtaking/DWAsocialcostmap/experiment_3.mp4,mp4
886,overtaking_DWAsocialcostmap_experiment_4,overtaking,DWAsocialcostmap,4,overtaking/DWAsocialcostmap/experiment_4.mp4,mp4
887,overtaking_DWAsocialcostmap_experiment_5,overtaking,DWAsocialcostmap,5,overtaking/DWAsocialcostmap/experiment_5.mp4,mp4
888,overtaking_SFM_experiment_1,overtaking,SFM,1,overtaking/SFM/experiment_1.mp4,mp4
889,overtaking_SFM_experiment_3,overtaking,SFM,3,overtaking/SFM/experiment_3.mp4,mp4
890,overtaking_MPPI_experiment_1,overtaking,MPPI,1,overtaking/MPPI/experiment_1.mp4,mp4
891,overtaking_MPPI_experiment_2,overtaking,MPPI,2,overtaking/MPPI/experiment_2.mp4,mp4
892,overtaking_MPPI_experiment_3,overtaking,MPPI,3,overtaking/MPPI/experiment_3.mp4,mp4
893,overtaking_MPPI_experiment_4,overtaking,MPPI,4,overtaking/MPPI/experiment_4.mp4,mp4
894,overtaking_MPPI_experiment_5,overtaking,MPPI,5,overtaking/MPPI/experiment_5.mp4,mp4
895,overtaking_MPPIsocialcostmap_experiment_1,overtaking,MPPIsocialcostmap,1,overtaking/MPPIsocialcostmap/experiment_1.mp4,mp4
896,overtaking_MPPIsocialcostmap_experiment_2,overtaking,MPPIsocialcostmap,2,overtaking/MPPIsocialcostmap/experiment_2.mp4,mp4
897,overtaking_MPPIsocialcostmap_experiment_3,overtaking,MPPIsocialcostmap,3,overtaking/MPPIsocialcostmap/experiment_3.mp4,mp4
898,overtaking_MPPIsocialcostmap_experiment_4,overtaking,MPPIsocialcostmap,4,overtaking/MPPIsocialcostmap/experiment_4.mp4,mp4
899,overtaking_MPPIsocialcostmap_experiment_5,overtaking,MPPIsocialcostmap,5,overtaking/MPPIsocialcostmap/experiment_5.mp4,mp4
900,overtaking_socialMPPI_experiment_1,overtaking,socialMPPI,1,overtaking/socialMPPI/experiment_1.mp4,mp4
901,overtaking_socialMPPI_experiment_2,overtaking,socialMPPI,2,overtaking/socialMPPI/experiment_2.mp4,mp4
902,overtaking_socialMPPI_experiment_3,overtaking,socialMPPI,3,overtaking/socialMPPI/experiment_3.mp4,mp4
903,overtaking_ORCA_experiment_1,overtaking,ORCA,1,overtaking/ORCA/experiment_1.mp4,mp4
904,overtaking_ORCA_experiment_2,overtaking,ORCA,2,overtaking/ORCA/experiment_2.mp4,mp4
905,overtaking_ORCA_experiment_3,overtaking,ORCA,3,overtaking/ORCA/experiment_3.mp4,mp4
906,overtaking_ORCA_experiment_4,overtaking,ORCA,4,overtaking/ORCA/experiment_4.mp4,mp4
907,overtaking_ORCA_experiment_5,overtaking,ORCA,5,overtaking/ORCA/experiment_5.mp4,mp4
908,overtaking_PURE_SFM_experiment_1,overtaking,PURE_SFM,1,overtaking/PURE_SFM/experiment_1.mp4,mp4
909,overtaking_PURE_SFM_experiment_2,overtaking,PURE_SFM,2,overtaking/PURE_SFM/experiment_2.mp4,mp4
910,overtaking_PURE_SFM_experiment_3,overtaking,PURE_SFM,3,overtaking/PURE_SFM/experiment_3.mp4,mp4
911,overtaking_PURE_SFM_experiment_4,overtaking,PURE_SFM,4,overtaking/PURE_SFM/experiment_4.mp4,mp4
912,overtaking_PURE_SFM_experiment_5,overtaking,PURE_SFM,5,overtaking/PURE_SFM/experiment_5.mp4,mp4
913,crossing1_DWA_experiment_1,crossing1,DWA,1,crossing1/DWA/experiment_1.mp4,mp4
914,crossing1_DWA_experiment_2,crossing1,DWA,2,crossing1/DWA/experiment_2.mp4,mp4
915,crossing1_DWA_experiment_3,crossing1,DWA,3,crossing1/DWA/experiment_3.mp4,mp4
916,crossing1_DWA_experiment_4,crossing1,DWA,4,crossing1/DWA/experiment_4.mp4,mp4
917,crossing1_DWA_experiment_5,crossing1,DWA,5,crossing1/DWA/experiment_5.mp4,mp4
918,crossing1_DWAsocialcostmap_experiment_1,crossing1,DWAsocialcostmap,1,crossing1/DWAsocialcostmap/experiment_1.mp4,mp4
919,crossing1_DWAsocialcostmap_experiment_2,crossing1,DWAsocialcostmap,2,crossing1/DWAsocialcostmap/experiment_2.mp4,mp4
920,crossing1_DWAsocialcostmap_experiment_3,crossing1,DWAsocialcostmap,3,crossing1/DWAsocialcostmap/experiment_3.mp4,mp4
921,crossing1_DWAsocialcostmap_experiment_4,crossing1,DWAsocialcostmap,4,crossing1/DWAsocialcostmap/experiment_4.mp4,mp4
922,crossing1_DWAsocialcostmap_experiment_5,crossing1,DWAsocialcostmap,5,crossing1/DWAsocialcostmap/experiment_5.mp4,mp4
923,crossing1_SFM_experiment_1,crossing1,SFM,1,crossing1/SFM/experiment_1.mp4,mp4
924,crossing1_SFM_experiment_2,crossing1,SFM,2,crossing1/SFM/experiment_2.mp4,mp4
925,crossing1_SFM_experiment_3,crossing1,SFM,3,crossing1/SFM/experiment_3.mp4,mp4
926,crossing1_SFM_experiment_4,crossing1,SFM,4,crossing1/SFM/experiment_4.mp4,mp4
927,crossing1_SFM_experiment_5,crossing1,SFM,5,crossing1/SFM/experiment_5.mp4,mp4
928,crossing1_MPPI_experiment_2,crossing1,MPPI,2,crossing1/MPPI/experiment_2.mp4,mp4
929,crossing1_MPPI_experiment_3,crossing1,MPPI,3,crossing1/MPPI/experiment_3.mp4,mp4
930,crossing1_MPPI_experiment_4,crossing1,MPPI,4,crossing1/MPPI/experiment_4.mp4,mp4
931,crossing1_MPPI_experiment_5,crossing1,MPPI,5,crossing1/MPPI/experiment_5.mp4,mp4
932,crossing1_MPPIsocialcostmap_experiment_1,crossing1,MPPIsocialcostmap,1,crossing1/MPPIsocialcostmap/experiment_1.mp4,mp4
933,crossing1_MPPIsocialcostmap_experiment_2,crossing1,MPPIsocialcostmap,2,crossing1/MPPIsocialcostmap/experiment_2.mp4,mp4
934,crossing1_MPPIsocialcostmap_experiment_3,crossing1,MPPIsocialcostmap,3,crossing1/MPPIsocialcostmap/experiment_3.mp4,mp4
935,crossing1_MPPIsocialcostmap_experiment_4,crossing1,MPPIsocialcostmap,4,crossing1/MPPIsocialcostmap/experiment_4.mp4,mp4
936,crossing1_MPPIsocialcostmap_experiment_5,crossing1,MPPIsocialcostmap,5,crossing1/MPPIsocialcostmap/experiment_5.mp4,mp4
937,crossing1_socialMPPI_experiment_1,crossing1,socialMPPI,1,crossing1/socialMPPI/experiment_1.mp4,mp4
938,crossing1_socialMPPI_experiment_2,crossing1,socialMPPI,2,crossing1/socialMPPI/experiment_2.mp4,mp4
939,crossing1_socialMPPI_experiment_3,crossing1,socialMPPI,3,crossing1/socialMPPI/experiment_3.mp4,mp4
940,crossing1_socialMPPI_experiment_4,crossing1,socialMPPI,4,crossing1/socialMPPI/experiment_4.mp4,mp4
941,crossing1_socialMPPI_experiment_5,crossing1,socialMPPI,5,crossing1/socialMPPI/experiment_5.mp4,mp4
942,crossing1_ORCA_experiment_1,crossing1,ORCA,1,crossing1/ORCA/experiment_1.mp4,mp4
943,crossing1_ORCA_experiment_2,crossing1,ORCA,2,crossing1/ORCA/experiment_2.mp4,mp4
944,crossing1_ORCA_experiment_3,crossing1,ORCA,3,crossing1/ORCA/experiment_3.mp4,mp4
945,crossing1_ORCA_experiment_5,crossing1,ORCA,5,crossing1/ORCA/experiment_5.mp4,mp4
946,crossing1_PURE_SFM_experiment_1,crossing1,PURE_SFM,1,crossing1/PURE_SFM/experiment_1.mp4,mp4
947,crossing1_PURE_SFM_experiment_2,crossing1,PURE_SFM,2,crossing1/PURE_SFM/experiment_2.mp4,mp4
948,crossing1_PURE_SFM_experiment_3,crossing1,PURE_SFM,3,crossing1/PURE_SFM/experiment_3.mp4,mp4
949,crossing1_PURE_SFM_experiment_4,crossing1,PURE_SFM,4,crossing1/PURE_SFM/experiment_4.mp4,mp4
950,crossing1_PURE_SFM_experiment_5,crossing1,PURE_SFM,5,crossing1/PURE_SFM/experiment_5.mp4,mp4
951,crossing2_DWA_experiment_2,crossing2,DWA,2,crossing2/DWA/experiment_2.mp4,mp4
952,crossing2_DWA_experiment_3,crossing2,DWA,3,crossing2/DWA/experiment_3.mp4,mp4
953,crossing2_DWA_experiment_4,crossing2,DWA,4,crossing2/DWA/experiment_4.mp4,mp4
954,crossing2_DWA_experiment_5,crossing2,DWA,5,crossing2/DWA/experiment_5.mp4,mp4
955,crossing2_DWAsocialcostmap_experiment_1,crossing2,DWAsocialcostmap,1,crossing2/DWAsocialcostmap/experiment_1.mp4,mp4
956,crossing2_DWAsocialcostmap_experiment_2,crossing2,DWAsocialcostmap,2,crossing2/DWAsocialcostmap/experiment_2.mp4,mp4
957,crossing2_DWAsocialcostmap_experiment_3,crossing2,DWAsocialcostmap,3,crossing2/DWAsocialcostmap/experiment_3.mp4,mp4
958,crossing2_DWAsocialcostmap_experiment_4,crossing2,DWAsocialcostmap,4,crossing2/DWAsocialcostmap/experiment_4.mp4,mp4
959,crossing2_DWAsocialcostmap_experiment_5,crossing2,DWAsocialcostmap,5,crossing2/DWAsocialcostmap/experiment_5.mp4,mp4
960,crossing2_SFM_experiment_1,crossing2,SFM,1,crossing2/SFM/experiment_1.mp4,mp4
961,crossing2_SFM_experiment_2,crossing2,SFM,2,crossing2/SFM/experiment_2.mp4,mp4
962,crossing2_SFM_experiment_3,crossing2,SFM,3,crossing2/SFM/experiment_3.mp4,mp4
963,crossing2_SFM_experiment_4,crossing2,SFM,4,crossing2/SFM/experiment_4.mp4,mp4
964,crossing2_SFM_experiment_5,crossing2,SFM,5,crossing2/SFM/experiment_5.mp4,mp4
965,crossing2_MPPI_experiment_1,crossing2,MPPI,1,crossing2/MPPI/experiment_1.mp4,mp4
966,crossing2_MPPI_experiment_2,crossing2,MPPI,2,crossing2/MPPI/experiment_2.mp4,mp4
967,crossing2_MPPI_experiment_3,crossing2,MPPI,3,crossing2/MPPI/experiment_3.mp4,mp4
968,crossing2_MPPI_experiment_4,crossing2,MPPI,4,crossing2/MPPI/experiment_4.mp4,mp4
969,crossing2_MPPI_experiment_5,crossing2,MPPI,5,crossing2/MPPI/experiment_5.mp4,mp4
970,crossing2_MPPIsocialcostmap_experiment_1,crossing2,MPPIsocialcostmap,1,crossing2/MPPIsocialcostmap/experiment_1.mp4,mp4
971,crossing2_MPPIsocialcostmap_experiment_2,crossing2,MPPIsocialcostmap,2,crossing2/MPPIsocialcostmap/experiment_2.mp4,mp4
972,crossing2_MPPIsocialcostmap_experiment_3,crossing2,MPPIsocialcostmap,3,crossing2/MPPIsocialcostmap/experiment_3.mp4,mp4
973,crossing2_MPPIsocialcostmap_experiment_4,crossing2,MPPIsocialcostmap,4,crossing2/MPPIsocialcostmap/experiment_4.mp4,mp4
974,crossing2_MPPIsocialcostmap_experiment_5,crossing2,MPPIsocialcostmap,5,crossing2/MPPIsocialcostmap/experiment_5.mp4,mp4
975,crossing2_socialMPPI_experiment_1,crossing2,socialMPPI,1,crossing2/socialMPPI/experiment_1.mp4,mp4
976,crossing2_socialMPPI_experiment_2,crossing2,socialMPPI,2,crossing2/socialMPPI/experiment_2.mp4,mp4
977,crossing2_socialMPPI_experiment_3,crossing2,socialMPPI,3,crossing2/socialMPPI/experiment_3.mp4,mp4
978,crossing2_socialMPPI_experiment_4,crossing2,socialMPPI,4,crossing2/socialMPPI/experiment_4.mp4,mp4
979,crossing2_socialMPPI_experiment_5,crossing2,socialMPPI,5,crossing2/socialMPPI/experiment_5.mp4,mp4
980,crossing2_ORCA_experiment_1,crossing2,ORCA,1,crossing2/ORCA/experiment_1.mp4,mp4
981,crossing2_ORCA_experiment_2,crossing2,ORCA,2,crossing2/ORCA/experiment_2.mp4,mp4
982,crossing2_ORCA_experiment_3,crossing2,ORCA,3,crossing2/ORCA/experiment_3.mp4,mp4
983,crossing2_ORCA_experiment_4,crossing2,ORCA,4,crossing2/ORCA/experiment_4.mp4,mp4
984,crossing2_ORCA_experiment_5,crossing2,ORCA,5,crossing2/ORCA/experiment_5.mp4,mp4
985,crossing2_PURE_SFM_experiment_1,crossing2,PURE_SFM,1,crossing2/PURE_SFM/experiment_1.mp4,mp4
986,crossing2_PURE_SFM_experiment_2,crossing2,PURE_SFM,2,crossing2/PURE_SFM/experiment_2.mp4,mp4
987,crossing2_PURE_SFM_experiment_3,crossing2,PURE_SFM,3,crossing2/PURE_SFM/experiment_3.mp4,mp4
988,crossing2_PURE_SFM_experiment_4,crossing2,PURE_SFM,4,crossing2/PURE_SFM/experiment_4.mp4,mp4
989,crossing2_PURE_SFM_experiment_5,crossing2,PURE_SFM,5,crossing2/PURE_SFM/experiment_5.mp4,mp4
990,crossing3_DWA_experiment_1,crossing3,DWA,1,crossing3/DWA/experiment_1.mp4,mp4
991,crossing3_DWA_experiment_2,crossing3,DWA,2,crossing3/DWA/experiment_2.mp4,mp4
992,crossing3_DWA_experiment_3,crossing3,DWA,3,crossing3/DWA/experiment_3.mp4,mp4
993,crossing3_DWA_experiment_4,crossing3,DWA,4,crossing3/DWA/experiment_4.mp4,mp4
994,crossing3_DWA_experiment_5,crossing3,DWA,5,crossing3/DWA/experiment_5.mp4,mp4
995,crossing3_DWAsocialcostmap_experiment_1,crossing3,DWAsocialcostmap,1,crossing3/DWAsocialcostmap/experiment_1.mp4,mp4
996,crossing3_DWAsocialcostmap_experiment_2,crossing3,DWAsocialcostmap,2,crossing3/DWAsocialcostmap/experiment_2.mp4,mp4
997,crossing3_DWAsocialcostmap_experiment_3,crossing3,DWAsocialcostmap,3,crossing3/DWAsocialcostmap/experiment_3.mp4,mp4
998,crossing3_DWAsocialcostmap_experiment_4,crossing3,DWAsocialcostmap,4,crossing3/DWAsocialcostmap/experiment_4.mp4,mp4
999,crossing3_DWAsocialcostmap_experiment_5,crossing3,DWAsocialcostmap,5,crossing3/DWAsocialcostmap/experiment_5.mp4,mp4
1000,crossing3_SFM_experiment_1,crossing3,SFM,1,crossing3/SFM/experiment_1.mp4,mp4
1001,crossing3_SFM_experiment_2,crossing3,SFM,2,crossing3/SFM/experiment_2.mp4,mp4
1002,crossing3_SFM_experiment_3,crossing3,SFM,3,crossing3/SFM/experiment_3.mp4,mp4
1003,crossing3_SFM_experiment_4,crossing3,SFM,4,crossing3/SFM/experiment_4.mp4,mp4
1004,crossing3_SFM_experiment_5,crossing3,SFM,5,crossing3/SFM/experiment_5.mp4,mp4
1005,crossing3_MPPI_experiment_1,crossing3,MPPI,1,crossing3/MPPI/experiment_1.mp4,mp4
1006,crossing3_MPPI_experiment_3,crossing3,MPPI,3,crossing3/MPPI/experiment_3.mp4,mp4
1007,crossing3_MPPI_experiment_4,crossing3,MPPI,4,crossing3/MPPI/experiment_4.mp4,mp4
1008,crossing3_MPPI_experiment_5,crossing3,MPPI,5,crossing3/MPPI/experiment_5.mp4,mp4
1009,crossing3_MPPIsocialcostmap_experiment_1,crossing3,MPPIsocialcostmap,1,crossing3/MPPIsocialcostmap/experiment_1.mp4,mp4
1010,crossing3_MPPIsocialcostmap_experiment_2,crossing3,MPPIsocialcostmap,2,crossing3/MPPIsocialcostmap/experiment_2.mp4,mp4
1011,crossing3_MPPIsocialcostmap_experiment_3,crossing3,MPPIsocialcostmap,3,crossing3/MPPIsocialcostmap/experiment_3.mp4,mp4
1012,crossing3_MPPIsocialcostmap_experiment_4,crossing3,MPPIsocialcostmap,4,crossing3/MPPIsocialcostmap/experiment_4.mp4,mp4
1013,crossing3_MPPIsocialcostmap_experiment_5,crossing3,MPPIsocialcostmap,5,crossing3/MPPIsocialcostmap/experiment_5.mp4,mp4
1014,crossing3_socialMPPI_experiment_1,crossing3,socialMPPI,1,crossing3/socialMPPI/experiment_1.mp4,mp4
1015,crossing3_socialMPPI_experiment_2,crossing3,socialMPPI,2,crossing3/socialMPPI/experiment_2.mp4,mp4
1016,crossing3_socialMPPI_experiment_3,crossing3,socialMPPI,3,crossing3/socialMPPI/experiment_3.mp4,mp4
1017,crossing3_socialMPPI_experiment_4,crossing3,socialMPPI,4,crossing3/socialMPPI/experiment_4.mp4,mp4
1018,crossing3_socialMPPI_experiment_5,crossing3,socialMPPI,5,crossing3/socialMPPI/experiment_5.mp4,mp4
1019,crossing3_ORCA_experiment_1,crossing3,ORCA,1,crossing3/ORCA/experiment_1.mp4,mp4
1020,crossing3_ORCA_experiment_2,crossing3,ORCA,2,crossing3/ORCA/experiment_2.mp4,mp4
1021,crossing3_ORCA_experiment_3,crossing3,ORCA,3,crossing3/ORCA/experiment_3.mp4,mp4
1022,crossing3_ORCA_experiment_4,crossing3,ORCA,4,crossing3/ORCA/experiment_4.mp4,mp4
1023,crossing3_ORCA_experiment_5,crossing3,ORCA,5,crossing3/ORCA/experiment_5.mp4,mp4
1024,crossing3_PURE_SFM_experiment_1,crossing3,PURE_SFM,1,crossing3/PURE_SFM/experiment_1.mp4,mp4
1025,crossing3_PURE_SFM_experiment_2,crossing3,PURE_SFM,2,crossing3/PURE_SFM/experiment_2.mp4,mp4
1026,crossing3_PURE_SFM_experiment_3,crossing3,PURE_SFM,3,crossing3/PURE_SFM/experiment_3.mp4,mp4
1027,crossing3_PURE_SFM_experiment_4,crossing3,PURE_SFM,4,crossing3/PURE_SFM/experiment_4.mp4,mp4
1028,crossing3_PURE_SFM_experiment_5,crossing3,PURE_SFM,5,crossing3/PURE_SFM/experiment_5.mp4,mp4
1029,narrow_turn_DWA_experiment_1,narrow_turn,DWA,1,narrow_turn/DWA/experiment_1.mp4,mp4
1030,narrow_turn_DWA_experiment_2,narrow_turn,DWA,2,narrow_turn/DWA/experiment_2.mp4,mp4
1031,narrow_turn_DWA_experiment_4,narrow_turn,DWA,4,narrow_turn/DWA/experiment_4.mp4,mp4
1032,narrow_turn_DWA_experiment_5,narrow_turn,DWA,5,narrow_turn/DWA/experiment_5.mp4,mp4
1033,narrow_turn_DWAsocialcostmap_experiment_1,narrow_turn,DWAsocialcostmap,1,narrow_turn/DWAsocialcostmap/experiment_1.mp4,mp4
1034,narrow_turn_DWAsocialcostmap_experiment_2,narrow_turn,DWAsocialcostmap,2,narrow_turn/DWAsocialcostmap/experiment_2.mp4,mp4
1035,narrow_turn_DWAsocialcostmap_experiment_3,narrow_turn,DWAsocialcostmap,3,narrow_turn/DWAsocialcostmap/experiment_3.mp4,mp4
1036,narrow_turn_DWAsocialcostmap_experiment_4,narrow_turn,DWAsocialcostmap,4,narrow_turn/DWAsocialcostmap/experiment_4.mp4,mp4
1037,narrow_turn_DWAsocialcostmap_experiment_5,narrow_turn,DWAsocialcostmap,5,narrow_turn/DWAsocialcostmap/experiment_5.mp4,mp4
1038,narrow_turn_SFM_experiment_1,narrow_turn,SFM,1,narrow_turn/SFM/experiment_1.mp4,mp4
1039,narrow_turn_SFM_experiment_3,narrow_turn,SFM,3,narrow_turn/SFM/experiment_3.mp4,mp4
1040,narrow_turn_SFM_experiment_4,narrow_turn,SFM,4,narrow_turn/SFM/experiment_4.mp4,mp4
1041,narrow_turn_MPPI_experiment_1,narrow_turn,MPPI,1,narrow_turn/MPPI/experiment_1.mp4,mp4
1042,narrow_turn_MPPI_experiment_2,narrow_turn,MPPI,2,narrow_turn/MPPI/experiment_2.mp4,mp4
1043,narrow_turn_MPPI_experiment_3,narrow_turn,MPPI,3,narrow_turn/MPPI/experiment_3.mp4,mp4
1044,narrow_turn_MPPI_experiment_4,narrow_turn,MPPI,4,narrow_turn/MPPI/experiment_4.mp4,mp4
1045,narrow_turn_MPPI_experiment_5,narrow_turn,MPPI,5,narrow_turn/MPPI/experiment_5.mp4,mp4
1046,narrow_turn_MPPIsocialcostmap_experiment_2,narrow_turn,MPPIsocialcostmap,2,narrow_turn/MPPIsocialcostmap/experiment_2.mp4,mp4
1047,narrow_turn_MPPIsocialcostmap_experiment_3,narrow_turn,MPPIsocialcostmap,3,narrow_turn/MPPIsocialcostmap/experiment_3.mp4,mp4
1048,narrow_turn_MPPIsocialcostmap_experiment_4,narrow_turn,MPPIsocialcostmap,4,narrow_turn/MPPIsocialcostmap/experiment_4.mp4,mp4
1049,narrow_turn_MPPIsocialcostmap_experiment_5,narrow_turn,MPPIsocialcostmap,5,narrow_turn/MPPIsocialcostmap/experiment_5.mp4,mp4
1050,narrow_turn_socialMPPI_experiment_1,narrow_turn,socialMPPI,1,narrow_turn/socialMPPI/experiment_1.mp4,mp4
1051,narrow_turn_socialMPPI_experiment_2,narrow_turn,socialMPPI,2,narrow_turn/socialMPPI/experiment_2.mp4,mp4
1052,narrow_turn_socialMPPI_experiment_3,narrow_turn,socialMPPI,3,narrow_turn/socialMPPI/experiment_3.mp4,mp4
1053,narrow_turn_socialMPPI_experiment_4,narrow_turn,socialMPPI,4,narrow_turn/socialMPPI/experiment_4.mp4,mp4
1054,narrow_turn_socialMPPI_experiment_5,narrow_turn,socialMPPI,5,narrow_turn/socialMPPI/experiment_5.mp4,mp4
1055,narrow_turn_ORCA_experiment_1,narrow_turn,ORCA,1,narrow_turn/ORCA/experiment_1.mp4,mp4
1056,narrow_turn_ORCA_experiment_2,narrow_turn,ORCA,2,narrow_turn/ORCA/experiment_2.mp4,mp4
1057,narrow_turn_ORCA_experiment_3,narrow_turn,ORCA,3,narrow_turn/ORCA/experiment_3.mp4,mp4
1058,narrow_turn_ORCA_experiment_4,narrow_turn,ORCA,4,narrow_turn/ORCA/experiment_4.mp4,mp4
1059,narrow_turn_ORCA_experiment_5,narrow_turn,ORCA,5,narrow_turn/ORCA/experiment_5.mp4,mp4
1060,narrow_turn_PURE_SFM_experiment_1,narrow_turn,PURE_SFM,1,narrow_turn/PURE_SFM/experiment_1.mp4,mp4
1061,narrow_turn_PURE_SFM_experiment_2,narrow_turn,PURE_SFM,2,narrow_turn/PURE_SFM/experiment_2.mp4,mp4
1062,narrow_turn_PURE_SFM_experiment_3,narrow_turn,PURE_SFM,3,narrow_turn/PURE_SFM/experiment_3.mp4,mp4
1063,narrow_turn_PURE_SFM_experiment_4,narrow_turn,PURE_SFM,4,narrow_turn/PURE_SFM/experiment_4.mp4,mp4
1064,narrow_turn_PURE_SFM_experiment_5,narrow_turn,PURE_SFM,5,narrow_turn/PURE_SFM/experiment_5.mp4,mp4
1065,mixed_DWA_experiment_1,mixed,DWA,1,mixed/DWA/experiment_1.mp4,mp4
1066,mixed_DWA_experiment_2,mixed,DWA,2,mixed/DWA/experiment_2.mp4,mp4
1067,mixed_DWA_experiment_3,mixed,DWA,3,mixed/DWA/experiment_3.mp4,mp4
1068,mixed_DWA_experiment_4,mixed,DWA,4,mixed/DWA/experiment_4.mp4,mp4
1069,mixed_DWA_experiment_5,mixed,DWA,5,mixed/DWA/experiment_5.mp4,mp4
1070,mixed_DWAsocialcostmap_experiment_1,mixed,DWAsocialcostmap,1,mixed/DWAsocialcostmap/experiment_1.mp4,mp4
1071,mixed_DWAsocialcostmap_experiment_2,mixed,DWAsocialcostmap,2,mixed/DWAsocialcostmap/experiment_2.mp4,mp4
1072,mixed_DWAsocialcostmap_experiment_3,mixed,DWAsocialcostmap,3,mixed/DWAsocialcostmap/experiment_3.mp4,mp4
1073,mixed_DWAsocialcostmap_experiment_4,mixed,DWAsocialcostmap,4,mixed/DWAsocialcostmap/experiment_4.mp4,mp4
1074,mixed_DWAsocialcostmap_experiment_5,mixed,DWAsocialcostmap,5,mixed/DWAsocialcostmap/experiment_5.mp4,mp4
1075,mixed_SFM_experiment_1,mixed,SFM,1,mixed/SFM/experiment_1.mp4,mp4
1076,mixed_SFM_experiment_2,mixed,SFM,2,mixed/SFM/experiment_2.mp4,mp4
1077,mixed_SFM_experiment_3,mixed,SFM,3,mixed/SFM/experiment_3.mp4,mp4
1078,mixed_SFM_experiment_4,mixed,SFM,4,mixed/SFM/experiment_4.mp4,mp4
1079,mixed_SFM_experiment_5,mixed,SFM,5,mixed/SFM/experiment_5.mp4,mp4
1080,mixed_MPPI_experiment_1,mixed,MPPI,1,mixed/MPPI/experiment_1.mp4,mp4
1081,mixed_MPPI_experiment_2,mixed,MPPI,2,mixed/MPPI/experiment_2.mp4,mp4
1082,mixed_MPPI_experiment_3,mixed,MPPI,3,mixed/MPPI/experiment_3.mp4,mp4
1083,mixed_MPPI_experiment_4,mixed,MPPI,4,mixed/MPPI/experiment_4.mp4,mp4
1084,mixed_MPPIsocialcostmap_experiment_1,mixed,MPPIsocialcostmap,1,mixed/MPPIsocialcostmap/experiment_1.mp4,mp4
1085,mixed_MPPIsocialcostmap_experiment_2,mixed,MPPIsocialcostmap,2,mixed/MPPIsocialcostmap/experiment_2.mp4,mp4
1086,mixed_MPPIsocialcostmap_experiment_3,mixed,MPPIsocialcostmap,3,mixed/MPPIsocialcostmap/experiment_3.mp4,mp4
1087,mixed_MPPIsocialcostmap_experiment_5,mixed,MPPIsocialcostmap,5,mixed/MPPIsocialcostmap/experiment_5.mp4,mp4
1088,mixed_socialMPPI_experiment_1,mixed,socialMPPI,1,mixed/socialMPPI/experiment_1.mp4,mp4
1089,mixed_socialMPPI_experiment_2,mixed,socialMPPI,2,mixed/socialMPPI/experiment_2.mp4,mp4
1090,mixed_socialMPPI_experiment_3,mixed,socialMPPI,3,mixed/socialMPPI/experiment_3.mp4,mp4
1091,mixed_socialMPPI_experiment_4,mixed,socialMPPI,4,mixed/socialMPPI/experiment_4.mp4,mp4
1092,mixed_ORCA_experiment_1,mixed,ORCA,1,mixed/ORCA/experiment_1.mp4,mp4
1093,mixed_ORCA_experiment_2,mixed,ORCA,2,mixed/ORCA/experiment_2.mp4,mp4
1094,mixed_ORCA_experiment_3,mixed,ORCA,3,mixed/ORCA/experiment_3.mp4,mp4
1095,mixed_ORCA_experiment_4,mixed,ORCA,4,mixed/ORCA/experiment_4.mp4,mp4
1096,mixed_ORCA_experiment_5,mixed,ORCA,5,mixed/ORCA/experiment_5.mp4,mp4
1097,mixed_PURE_SFM_experiment_1,mixed,PURE_SFM,1,mixed/PURE_SFM/experiment_1.mp4,mp4
1098,mixed_PURE_SFM_experiment_2,mixed,PURE_SFM,2,mixed/PURE_SFM/experiment_2.mp4,mp4
1099,curious_person_DWA_experiment_1,curious_person,DWA,1,curious_person/DWA/experiment_1.mp4,mp4
1100,curious_person_DWA_experiment_2,curious_person,DWA,2,curious_person/DWA/experiment_2.mp4,mp4
1101,curious_person_DWA_experiment_3,curious_person,DWA,3,curious_person/DWA/experiment_3.mp4,mp4
1102,curious_person_DWA_experiment_4,curious_person,DWA,4,curious_person/DWA/experiment_4.mp4,mp4
1103,curious_person_DWA_experiment_5,curious_person,DWA,5,curious_person/DWA/experiment_5.mp4,mp4
1104,curious_person_DWAsocialcostmap_experiment_1,curious_person,DWAsocialcostmap,1,curious_person/DWAsocialcostmap/experiment_1.mp4,mp4
1105,curious_person_DWAsocialcostmap_experiment_2,curious_person,DWAsocialcostmap,2,curious_person/DWAsocialcostmap/experiment_2.mp4,mp4
1106,curious_person_DWAsocialcostmap_experiment_3,curious_person,DWAsocialcostmap,3,curious_person/DWAsocialcostmap/experiment_3.mp4,mp4
1107,curious_person_DWAsocialcostmap_experiment_4,curious_person,DWAsocialcostmap,4,curious_person/DWAsocialcostmap/experiment_4.mp4,mp4
1108,curious_person_DWAsocialcostmap_experiment_5,curious_person,DWAsocialcostmap,5,curious_person/DWAsocialcostmap/experiment_5.mp4,mp4
1109,curious_person_SFM_experiment_1,curious_person,SFM,1,curious_person/SFM/experiment_1.mp4,mp4
1110,curious_person_SFM_experiment_2,curious_person,SFM,2,curious_person/SFM/experiment_2.mp4,mp4
1111,curious_person_SFM_experiment_4,curious_person,SFM,4,curious_person/SFM/experiment_4.mp4,mp4
1112,curious_person_SFM_experiment_5,curious_person,SFM,5,curious_person/SFM/experiment_5.mp4,mp4
1113,curious_person_MPPI_experiment_2,curious_person,MPPI,2,curious_person/MPPI/experiment_2.mp4,mp4
1114,curious_person_MPPI_experiment_3,curious_person,MPPI,3,curious_person/MPPI/experiment_3.mp4,mp4
1115,curious_person_MPPI_experiment_4,curious_person,MPPI,4,curious_person/MPPI/experiment_4.mp4,mp4
1116,curious_person_MPPI_experiment_5,curious_person,MPPI,5,curious_person/MPPI/experiment_5.mp4,mp4
1117,curious_person_MPPIsocialcostmap_experiment_1,curious_person,MPPIsocialcostmap,1,curious_person/MPPIsocialcostmap/experiment_1.mp4,mp4
1118,curious_person_MPPIsocialcostmap_experiment_2,curious_person,MPPIsocialcostmap,2,curious_person/MPPIsocialcostmap/experiment_2.mp4,mp4
1119,curious_person_MPPIsocialcostmap_experiment_3,curious_person,MPPIsocialcostmap,3,curious_person/MPPIsocialcostmap/experiment_3.mp4,mp4
1120,curious_person_MPPIsocialcostmap_experiment_5,curious_person,MPPIsocialcostmap,5,curious_person/MPPIsocialcostmap/experiment_5.mp4,mp4
1121,curious_person_socialMPPI_experiment_1,curious_person,socialMPPI,1,curious_person/socialMPPI/experiment_1.mp4,mp4
1122,curious_person_socialMPPI_experiment_2,curious_person,socialMPPI,2,curious_person/socialMPPI/experiment_2.mp4,mp4
1123,curious_person_socialMPPI_experiment_3,curious_person,socialMPPI,3,curious_person/socialMPPI/experiment_3.mp4,mp4
1124,curious_person_socialMPPI_experiment_4,curious_person,socialMPPI,4,curious_person/socialMPPI/experiment_4.mp4,mp4
1125,curious_person_socialMPPI_experiment_5,curious_person,socialMPPI,5,curious_person/socialMPPI/experiment_5.mp4,mp4
1126,curious_person_ORCA_experiment_1,curious_person,ORCA,1,curious_person/ORCA/experiment_1.mp4,mp4
1127,curious_person_ORCA_experiment_2,curious_person,ORCA,2,curious_person/ORCA/experiment_2.mp4,mp4
1128,curious_person_ORCA_experiment_3,curious_person,ORCA,3,curious_person/ORCA/experiment_3.mp4,mp4
1129,curious_person_ORCA_experiment_4,curious_person,ORCA,4,curious_person/ORCA/experiment_4.mp4,mp4
1130,curious_person_ORCA_experiment_5,curious_person,ORCA,5,curious_person/ORCA/experiment_5.mp4,mp4
1131,curious_person_PURE_SFM_experiment_1,curious_person,PURE_SFM,1,curious_person/PURE_SFM/experiment_1.mp4,mp4
1132,curious_person_PURE_SFM_experiment_2,curious_person,PURE_SFM,2,curious_person/PURE_SFM/experiment_2.mp4,mp4
1133,curious_person_PURE_SFM_experiment_3,curious_person,PURE_SFM,3,curious_person/PURE_SFM/experiment_3.mp4,mp4
1134,curious_person_PURE_SFM_experiment_5,curious_person,PURE_SFM,5,curious_person/PURE_SFM/experiment_5.mp4,mp4
